{
  "ACTAAP_2007_7_3": 0.020000000000000018,
  "AIMS_2009_8_14": 0.87,
  "AKDE&ED_2008_4_35": 0.5449999999999999,
  "AKDE&ED_2012_8_6": 0.615,
  "CSZ20754": 0.94,
  "CSZ_2005_5_CSZ10021": 0.0,
  "LEAP_2000_8_4": 0.32499999999999996,
  "LEAP_2001_8_10379": 0.050000000000000044,
  "LEAP_2002_4_10247": 0.0,
  "LEAP__4_10225": 0.0050000000000000044,
  "LEAP__7_10351": 0.48,
  "MCAS_2000_8_22": 0.05500000000000005,
  "MCAS_2002_8_11": 0.03500000000000003,
  "MCAS_2003_5_33": 0.18999999999999995,
  "MCAS_2003_8_29": 0.45999999999999996,
  "MCAS_2004_9_2": 0.22999999999999998,
  "MCAS_2004_9_5": 0.025000000000000022,
  "MCAS_2005_8_12": 0.25,
  "MCAS_2005_9_17": 0.025000000000000022,
  "MCAS_2005_9_21": 0.475,
  "MCAS_2006_8_24": 0.21499999999999997,
  "MCAS_2006_9_44": 0.755,
  "MCAS_2009_8_12": 0.8049999999999999,
  "MCAS_2012_5_23614": 0.19999999999999996,
  "MCAS_2014_5_15": 0.010000000000000009,
  "MDSA_2007_8_30": 0.09499999999999997,
  "MDSA_2008_8_3": 0.08499999999999996,
  "MDSA_2011_5_3": 0.0,
  "MDSA_2013_8_32": 0.04500000000000004,
  "MEA_2010_8_15": 0.19499999999999995,
  "MSA_2012_5_2": 0.97,
  "Mercury_177748": 0.020000000000000018,
  "Mercury_183033": 0.73,
  "Mercury_184730": 0.76,
  "Mercury_400084": 0.8270676691729324,
  "Mercury_400500": 0.16500000000000004,
  "Mercury_401195": 0.015000000000000013,
  "Mercury_401428": 0.63,
  "Mercury_401684": 0.15500000000000003,
  "Mercury_401699": 0.29000000000000004,
  "Mercury_401912": 0.935,
  "Mercury_402132": 0.5549999999999999,
  "Mercury_402341": 0.15000000000000002,
  "Mercury_402502": 0.010000000000000009,
  "Mercury_402539": 0.12,
  "Mercury_403907": 0.0050000000000000044,
  "Mercury_404820": 0.955,
  "Mercury_405136": 0.10999999999999999,
  "Mercury_405143": 0.5449999999999999,
  "Mercury_405685": 0.36,
  "Mercury_406639": 0.030000000000000027,
  "Mercury_406777": 0.03500000000000003,
  "Mercury_407517": 0.010000000000000009,
  "Mercury_411224": 0.020000000000000018,
  "Mercury_412463": 0.5463659147869675,
  "Mercury_415086": 0.47,
  "Mercury_416646": 0.7,
  "Mercury_417117": 0.0050000000000000044,
  "Mercury_417118": 0.030000000000000027,
  "Mercury_417137": 0.56,
  "Mercury_417465": 0.08999999999999997,
  "Mercury_7012880": 0.05500000000000005,
  "Mercury_7016538": 0.0050000000000000044,
  "Mercury_7016800": 0.635,
  "Mercury_7017938": 0.05500000000000005,
  "Mercury_7024273": 0.55,
  "Mercury_7027248": 0.15000000000000002,
  "Mercury_7043820": 0.11499999999999999,
  "Mercury_7058135": 0.15000000000000002,
  "Mercury_7068583": 0.025000000000000022,
  "Mercury_7068635": 0.495,
  "Mercury_7071523": 0.010000000000000009,
  "Mercury_7082443": 0.375,
  "Mercury_7082758": 0.040000000000000036,
  "Mercury_7090790": 0.13,
  "Mercury_7094290": 0.915,
  "Mercury_7099190": 0.125,
  "Mercury_7102323": 0.0,
  "Mercury_7111178": 0.18000000000000005,
  "Mercury_7126263": 0.06999999999999995,
  "Mercury_7129640": 0.54,
  "Mercury_7130655": 0.030000000000000027,
  "Mercury_7132405": 0.0050000000000000044,
  "Mercury_7133945": 0.12,
  "Mercury_7142520": 0.07518796992481203,
  "Mercury_7158935": 0.35,
  "Mercury_7159023": 0.04500000000000004,
  "Mercury_7159303": 0.040000000000000036,
  "Mercury_7164623": 0.020000000000000018,
  "Mercury_7172708": 0.6799999999999999,
  "Mercury_7174213": 0.06999999999999995,
  "Mercury_7186358": 0.06000000000000005,
  "Mercury_7187373": 0.040000000000000036,
  "Mercury_7201740": 0.17500000000000004,
  "Mercury_7206378": 0.10999999999999999,
  "Mercury_7210210": 0.39,
  "Mercury_7210455": 0.06000000000000005,
  "Mercury_7210473": 0.010000000000000009,
  "Mercury_7212818": 0.265,
  "Mercury_7212888": 0.95,
  "Mercury_7212993": 0.025000000000000022,
  "Mercury_7213413": 0.06000000000000005,
  "Mercury_7214498": 0.515,
  "Mercury_7218015": 0.010000000000000009,
  "Mercury_7221988": 0.07499999999999996,
  "Mercury_7222460": 0.16000000000000003,
  "Mercury_7223493": 0.5349999999999999,
  "Mercury_7236740": 0.635,
  "Mercury_7263183": 0.030000000000000027,
  "Mercury_7271758": 0.21499999999999997,
  "Mercury_LBS10302": 0.04500000000000004,
  "Mercury_SC_400059": 0.040000000000000036,
  "Mercury_SC_400134": 0.5449999999999999,
  "Mercury_SC_400661": 0.030000000000000027,
  "Mercury_SC_400697": 0.355,
  "Mercury_SC_400985": 0.22999999999999998,
  "Mercury_SC_401265": 0.03500000000000003,
  "Mercury_SC_401277": 0.06999999999999995,
  "Mercury_SC_401360": 0.015000000000000013,
  "Mercury_SC_401373": 0.19499999999999995,
  "Mercury_SC_401656": 0.45999999999999996,
  "Mercury_SC_402103": 0.03500000000000003,
  "Mercury_SC_402164": 0.675,
  "Mercury_SC_402257": 0.010000000000000009,
  "Mercury_SC_402276": 0.89,
  "Mercury_SC_402981": 0.74,
  "Mercury_SC_402985": 0.015000000000000013,
  "Mercury_SC_406089": 0.010000000000000009,
  "Mercury_SC_406836": 0.18500000000000005,
  "Mercury_SC_407572": 0.0,
  "Mercury_SC_408663": 0.245,
  "Mercury_SC_409171": 0.025000000000000022,
  "Mercury_SC_412374": 0.735,
  "Mercury_SC_413299": 0.0050000000000000044,
  "Mercury_SC_415473": 0.475,
  "Mercury_SC_416167": 0.0,
  "Mercury_SC_416169": 0.09999999999999998,
  "Mercury_SC_LBS10265": 0.3258145363408521,
  "NAEP_2000_8_S11+11": 0.06499999999999995,
  "NYSEDREGENTS_2008_4_11": 0.15000000000000002,
  "NYSEDREGENTS_2008_8_27": 0.08999999999999997,
  "NYSEDREGENTS_2012_4_9": 0.18500000000000005,
  "NYSEDREGENTS_2012_8_19": 0.025000000000000022,
  "NYSEDREGENTS_2015_4_29": 0.20499999999999996,
  "TAKS_2009_5_36": 0.0050000000000000044,
  "TIMSS_1995_8_N2": 0.32499999999999996,
  "TIMSS_2003_8_pg87": 0.6984924623115578,
  "TIMSS_2007_4_pg19": 0.015000000000000013,
  "TIMSS_2007_8_pg109": 0.10499999999999998,
  "TIMSS_2011_8_pg15": 0.07999999999999996
}